date,location,name,link,source
"Fri, Feb 27, 2026 12:00 AM","","Virtual Phonebank Training On Demand","https://www.mobilize.us/pbcdemocraticparty/event/390052/","virtual election events"
"Fri, Feb 27, 2026 12:00 AM","","Canvass (Door Knocking) Training On Demand","https://www.mobilize.us/pbcdemocraticparty/event/463816/","virtual election events"
"Fri, Feb 27, 2026 12:00 AM","","Virtual Phonebank Training On Demand","https://www.mobilize.us/pbcdemocraticparty/event/390052/","ICE virtual events"
"Fri, Feb 27, 2026 12:00 AM","","Canvass (Door Knocking) Training On Demand","https://www.mobilize.us/pbcdemocraticparty/event/463816/","ICE virtual events"
"Fri, Feb 27, 2026 4:30 AM","Cafe Escadrille, 26 Cambridge St, Burlington, Massachusetts","Black Tie Soirée Series","https://turnpurple2blue.org/event/black-tie-soiree-series/2026-02-27/","turnpurple2blue"
"Fri, Feb 27, 2026 9:00 AM","","Tech Office Hours","https://turnpurple2blue.org/event/tech-office-hours/2026-02-27/","turnpurple2blue"
"Fri, Feb 27, 2026 1:30 PM","Hanscom Rotary, Intersection of Old Bedford Rd and Hanscom Dr, Lincoln, MA","De-ICE Hanscom Friday Standouts","https://turnpurple2blue.org/event/de-ice-hanscom-friday-standouts-5/2026-02-27/","turnpurple2blue"
"Fri, Feb 27, 2026 1:30 PM","Lexington - Sign up for location","Lexington Overpass Standout","","Indivisible Lab"
"Fri, Feb 27, 2026 4:30 PM","Cafe Escadrille, 26 Cambridge St, Burlington, MA 01803, USA","Cafe Escadrille","https://tockify.com/lexingtonalarm/detail/76/1772227800000","Lexington Alarm"
"Sat, Feb 28, 2026 12:00 AM","","Virtual Phonebank Training On Demand","https://www.mobilize.us/pbcdemocraticparty/event/390052/","virtual election events"
"Sat, Feb 28, 2026 12:00 AM","","Canvass (Door Knocking) Training On Demand","https://www.mobilize.us/pbcdemocraticparty/event/463816/","virtual election events"
"Sat, Feb 28, 2026 12:00 AM","","Virtual Phonebank Training On Demand","https://www.mobilize.us/pbcdemocraticparty/event/390052/","ICE virtual events"
"Sat, Feb 28, 2026 12:00 AM","","Canvass (Door Knocking) Training On Demand","https://www.mobilize.us/pbcdemocraticparty/event/463816/","ICE virtual events"
"Sat, Feb 28, 2026 10:00 AM","","Frontline Update","https://turnpurple2blue.org/event/frontline-update/","turnpurple2blue"
"Sat, Feb 28, 2026 10:00 AM","","Swing Blue Alliance Frontline Update","","Indivisible Lab"
"Sat, Feb 28, 2026 10:00 AM","Robbins Memorial Town Hall, 730 Massachusetts Ave, Arlington, MA ","Arlington Democratic Town Committee Caucus","","Indivisible Lab"
"Sat, Feb 28, 2026 10:00 AM","Bedford MA","Choose Democracy Action on the Common","https://www.mobilize.us/choosedemocracybedford/event/792716/","ICE near Burlington"
"Sat, Feb 28, 2026 10:00 AM","Arlington, Arlington MA","Collect Signatures for Jonathan Paz in Arlington!","https://www.mobilize.us/pazforthepeople/event/909950/","ICE near Burlington"
"Sat, Feb 28, 2026 10:00 AM","Robbins Memorial Town Hall, Arlington MA","Arlington Democratic Town Committee Caucus","https://www.mobilize.us/massdems/event/889358/","ICE near Burlington"
"Sat, Feb 28, 2026 10:00 AM","Bedford MA","Choose Democracy Action on the Common","https://www.mobilize.us/choosedemocracybedford/event/792716/","election near Burlington"
"Sat, Feb 28, 2026 10:00 AM","Arlington, Arlington MA","Collect Signatures for Jonathan Paz in Arlington!","https://www.mobilize.us/pazforthepeople/event/909950/","election near Burlington"
"Sat, Feb 28, 2026 10:00 AM","Robbins Memorial Town Hall, Arlington MA","Arlington Democratic Town Committee Caucus","https://www.mobilize.us/massdems/event/889358/","election near Burlington"
"Sat, Feb 28, 2026 11:00 AM","Burlington Mall Rd and District Ave, Burlington Mall Rd and District Ave, Burlington, Massachusetts, 01813","No Fear with Street Theater Group","https://turnpurple2blue.org/event/no-fear-with-street-theater-group-4/2026-02-28/","turnpurple2blue"
"Sat, Feb 28, 2026 12:30 PM","Billerica Town Center, 15 Concord Road, Billerica, Massachusetts, 01821","Billerica Common Coalition","https://turnpurple2blue.org/event/billerica-common-coalition/2026-02-28/","turnpurple2blue"
"Sat, Feb 28, 2026 12:30 PM","This event’s address is private. Sign up for more details, Billerica MA","Billerica Common Coalition","https://www.mobilize.us/BillericaUnitedALocalIndivisibleChapter/event/898506/","ICE near Burlington"
"Sat, Feb 28, 2026 12:30 PM","This event’s address is private. Sign up for more details, Billerica MA","Billerica Common Coalition","https://www.mobilize.us/BillericaUnitedALocalIndivisibleChapter/event/898506/","election near Burlington"
"Sat, Feb 28, 2026 1:00 PM","","Worcester Indivisible: Open Member Meeting (Virtual)","https://turnpurple2blue.org/event/worcester-indivisible-open-member-meeting-virtual/2026-02-28/","turnpurple2blue"
"Sat, Feb 28, 2026 2:00 PM","Billerica Town Hall, 365 Boston Post RD, Billerica, Massachusetts, 01821","Public Forum For CD6 Congressional Candidates","https://turnpurple2blue.org/event/public-forum-for-cd6-congressional-candidates/","turnpurple2blue"
"Sat, Feb 28, 2026 2:00 PM","Bedford Porch (address shared upon registration)","Lexington - WI Supreme Court Postcards","","Indivisible Lab"
"Sat, Feb 28, 2026 2:00 PM","Billerica Town Hall Auditorium, 365 Boston Road, Billerica, MA","6th Congressional District Candidate Forum","","Indivisible Lab"
"Sat, Feb 28, 2026 2:00 PM","Cambridge Letter Team, Bedford MA","Wisconsin Supreme Court GOTV Postcards","https://www.mobilize.us/swingbluealliance/event/904021/","ICE near Burlington"
"Sat, Feb 28, 2026 2:00 PM","Cambridge Letter Team, Lexington MA","Wisconsin Supreme Court GOTV Postcards","https://www.mobilize.us/swingbluealliance/event/907195/","ICE near Burlington"
"Sat, Feb 28, 2026 2:00 PM","Billerica Town Hall, Billerica MA","Public Forum For CD6 Congressional Candidates","https://www.mobilize.us/massdems/event/889718/","ICE near Burlington"
"Sat, Feb 28, 2026 2:00 PM","Cambridge Letter Team, Bedford MA","Wisconsin Supreme Court GOTV Postcards","https://www.mobilize.us/swingbluealliance/event/904021/","election near Burlington"
"Sat, Feb 28, 2026 2:00 PM","Cambridge Letter Team, Lexington MA","Wisconsin Supreme Court GOTV Postcards","https://www.mobilize.us/swingbluealliance/event/907195/","election near Burlington"
"Sat, Feb 28, 2026 2:00 PM","Billerica Town Hall, Billerica MA","Public Forum For CD6 Congressional Candidates","https://www.mobilize.us/massdems/event/889718/","election near Burlington"
"Sun, Mar 1, 2026 12:00 AM","","Virtual Phonebank Training On Demand","https://www.mobilize.us/pbcdemocraticparty/event/390052/","virtual election events"
"Sun, Mar 1, 2026 12:00 AM","","Canvass (Door Knocking) Training On Demand","https://www.mobilize.us/pbcdemocraticparty/event/463816/","virtual election events"
"Sun, Mar 1, 2026 12:00 AM","","Virtual Phonebank Training On Demand","https://www.mobilize.us/pbcdemocraticparty/event/390052/","ICE virtual events"
"Sun, Mar 1, 2026 12:00 AM","","Canvass (Door Knocking) Training On Demand","https://www.mobilize.us/pbcdemocraticparty/event/463816/","ICE virtual events"
"Sun, Mar 1, 2026 12:00 PM","Cambridge Letter Team, Arlington MA","Wisconsin Supreme Court GOTV Postcards","https://www.mobilize.us/swingbluealliance/event/904020/","ICE near Burlington"
"Sun, Mar 1, 2026 12:00 PM","Cambridge Letter Team, Arlington MA","Wisconsin Supreme Court GOTV Postcards","https://www.mobilize.us/swingbluealliance/event/904020/","election near Burlington"
"Sun, Mar 1, 2026 3:30 PM","","Progressive Mass Activist Afternoon Phone Bank","","Indivisible Lab"
"Mon, Mar 2, 2026 12:00 AM","","Virtual Phonebank Training On Demand","https://www.mobilize.us/pbcdemocraticparty/event/390052/","virtual election events"
"Mon, Mar 2, 2026 12:00 AM","","Canvass (Door Knocking) Training On Demand","https://www.mobilize.us/pbcdemocraticparty/event/463816/","virtual election events"
"Mon, Mar 2, 2026 12:00 AM","","Virtual Phonebank Training On Demand","https://www.mobilize.us/pbcdemocraticparty/event/390052/","ICE virtual events"
"Mon, Mar 2, 2026 12:00 AM","","Canvass (Door Knocking) Training On Demand","https://www.mobilize.us/pbcdemocraticparty/event/463816/","ICE virtual events"
"Tue, Mar 3, 2026 12:00 AM","","Virtual Phonebank Training On Demand","https://www.mobilize.us/pbcdemocraticparty/event/390052/","virtual election events"
"Tue, Mar 3, 2026 12:00 AM","","Canvass (Door Knocking) Training On Demand","https://www.mobilize.us/pbcdemocraticparty/event/463816/","virtual election events"
"Tue, Mar 3, 2026 12:00 AM","","Virtual Phonebank Training On Demand","https://www.mobilize.us/pbcdemocraticparty/event/390052/","ICE virtual events"
"Tue, Mar 3, 2026 12:00 AM","","Canvass (Door Knocking) Training On Demand","https://www.mobilize.us/pbcdemocraticparty/event/463816/","ICE virtual events"
"Tue, Mar 3, 2026 3:00 PM","","How to Partner with Field Team 6 – for Organizations! (Volunteer? Sign up for ""Welcome to FT6!"")","https://www.mobilize.us/ft6/event/446344/","virtual election events"
"Tue, Mar 3, 2026 3:00 PM","","How to Partner with Field Team 6 – for Organizations! (Volunteer? Sign up for ""Welcome to FT6!"")","https://www.mobilize.us/ft6/event/446344/","ICE virtual events"
"Tue, Mar 3, 2026 4:30 PM","Arlington, RSVP for location and other details","Burma Shave Standout - Arlington","","Indivisible Lab"
"Tue, Mar 3, 2026 5:00 PM","","Intro to the Power Building Team","https://www.mobilize.us/blackvotersmatter/event/474447/","virtual election events"
"Tue, Mar 3, 2026 5:00 PM","","Intro to the Power Building Team","https://www.mobilize.us/blackvotersmatter/event/474447/","ICE virtual events"
"Tue, Mar 3, 2026 6:00 PM","","PA Secular Democrats monthly meeting","https://www.mobilize.us/padems/event/458391/","virtual election events"
"Tue, Mar 3, 2026 6:00 PM","","PA Secular Democrats monthly meeting","https://www.mobilize.us/padems/event/458391/","ICE virtual events"
"Tue, Mar 3, 2026 7:00 PM","40508, Lexington KY","Voter Registration Training","https://www.mobilize.us/kftc/event/402893/","virtual election events"
"Tue, Mar 3, 2026 7:00 PM","40508, Lexington KY","Voter Registration Training","https://www.mobilize.us/kftc/event/402893/","ICE virtual events"
"Wed, Mar 4, 2026 12:00 AM","","Virtual Phonebank Training On Demand","https://www.mobilize.us/pbcdemocraticparty/event/390052/","virtual election events"
"Wed, Mar 4, 2026 12:00 AM","","Canvass (Door Knocking) Training On Demand","https://www.mobilize.us/pbcdemocraticparty/event/463816/","virtual election events"
"Wed, Mar 4, 2026 12:00 AM","","Virtual Phonebank Training On Demand","https://www.mobilize.us/pbcdemocraticparty/event/390052/","ICE virtual events"
"Wed, Mar 4, 2026 12:00 AM","","Canvass (Door Knocking) Training On Demand","https://www.mobilize.us/pbcdemocraticparty/event/463816/","ICE virtual events"
"Wed, Mar 4, 2026 11:00 AM","Burlington ICE Detention Center, 1000 District Ave, Burlington, MA 01803, USA","Bearing Witness at ICE Every Wednesday 11:00-1:00 PM","https://tockify.com/lexingtonalarm/detail/64/1772640000000","Lexington Alarm"
"Wed, Mar 4, 2026 3:00 PM","This event’s address is private. Sign up for more details, Arlington MA","Arlington MA Visibility Brigade","https://www.mobilize.us/arlingtonmavisibilitybrigade/event/860547/","ICE near Burlington"
"Wed, Mar 4, 2026 3:00 PM","This event’s address is private. Sign up for more details, Arlington MA","Arlington MA Visibility Brigade","https://www.mobilize.us/arlingtonmavisibilitybrigade/event/860547/","election near Burlington"
"Wed, Mar 4, 2026 5:00 PM","","POSTCARDING w/DOLLY and SUE into all swing states - w/Field Team 6 & The Union","https://www.mobilize.us/ft6/event/375701/","virtual election events"
"Wed, Mar 4, 2026 5:00 PM","","POSTCARDING w/DOLLY and SUE into all swing states - w/Field Team 6 & The Union","https://www.mobilize.us/ft6/event/375701/","ICE virtual events"
"Wed, Mar 4, 2026 5:30 PM","Arlington, Arlington MA","Collect Signatures for Jonathan Paz in Arlington!","https://www.mobilize.us/pazforthepeople/event/909950/","ICE near Burlington"
"Wed, Mar 4, 2026 5:30 PM","Arlington, Arlington MA","Collect Signatures for Jonathan Paz in Arlington!","https://www.mobilize.us/pazforthepeople/event/909950/","election near Burlington"
"Wed, Mar 4, 2026 7:00 PM","Bedford Town Hall, Reed Room, 10 Mudge Way  Bedford, MA ","Bedford Democratic Town Committee Caucus","","Indivisible Lab"
"Wed, Mar 4, 2026 7:00 PM","The Roasted Granola Café, 1346 Massachusetts Ave, Arlington, MA ","Mystic Valley Action for Reproductive Justice Gathering","","Indivisible Lab"
"Wed, Mar 4, 2026 7:00 PM","Bedford Town Hall, Bedford MA","Bedford Democratic Town Committee Caucus","https://www.mobilize.us/massdems/event/885927/","ICE near Burlington"
"Wed, Mar 4, 2026 7:00 PM","Bedford Town Hall, Bedford MA","Bedford Democratic Town Committee Caucus","https://www.mobilize.us/massdems/event/885927/","election near Burlington"
"Thu, Mar 5, 2026 12:00 AM","","Virtual Phonebank Training On Demand","https://www.mobilize.us/pbcdemocraticparty/event/390052/","virtual election events"
"Thu, Mar 5, 2026 12:00 AM","","Canvass (Door Knocking) Training On Demand","https://www.mobilize.us/pbcdemocraticparty/event/463816/","virtual election events"
"Thu, Mar 5, 2026 12:00 AM","","Virtual Phonebank Training On Demand","https://www.mobilize.us/pbcdemocraticparty/event/390052/","ICE virtual events"
"Thu, Mar 5, 2026 12:00 AM","","Canvass (Door Knocking) Training On Demand","https://www.mobilize.us/pbcdemocraticparty/event/463816/","ICE virtual events"
"Thu, Mar 5, 2026 11:00 AM","ICE Regional headquarters, 1000 District Ave, Burlington, MA 01803, USA","Thursday Justice for All at ICE","https://tockify.com/lexingtonalarm/detail/39/1772726400000","Lexington Alarm"
"Thu, Mar 5, 2026 12:00 PM","","Progressive Mass Power Lunch Phone Bank","","Indivisible Lab"
"Thu, Mar 5, 2026 3:00 PM","Massachusetts Ave, Lexington, MA, on overpass over Rt 95/128, Lexington MA","Fiske Hill Visibility Brigade in Lexington","https://www.mobilize.us/indivisibleprogressivemasscambridge/event/892643/","ICE near Burlington"
"Thu, Mar 5, 2026 3:00 PM","Massachusetts Ave, Lexington, MA, on overpass over Rt 95/128, Lexington MA","Fiske Hill Visibility Brigade in Lexington","https://www.mobilize.us/indivisibleprogressivemasscambridge/event/892643/","election near Burlington"
"Thu, Mar 5, 2026 3:30 PM","Monument Square, Concord MA","Weekly Stand-out in Monument Square","https://www.mobilize.us/concordindivisible/event/834959/","ICE near Burlington"
"Thu, Mar 5, 2026 3:30 PM","Monument Square, Concord MA","Weekly Stand-out in Monument Square","https://www.mobilize.us/concordindivisible/event/834959/","election near Burlington"
"Thu, Mar 5, 2026 8:30 PM","","🚨End ICE, End Billionaires: Our Plan for Mass Strikes 🚨","https://www.mobilize.us/sunrisemovement/event/354486/","virtual election events"
"Thu, Mar 5, 2026 8:30 PM","","🚨End ICE, End Billionaires: Our Plan for Mass Strikes 🚨","https://www.mobilize.us/sunrisemovement/event/354486/","ICE virtual events"
"Thu, Mar 5, 2026 9:30 PM","","States Win Portland+ Monthly Team Call","https://www.mobilize.us/sisterdistrictportland/event/375028/","virtual election events"
"Thu, Mar 5, 2026 9:30 PM","","States Win Portland+ Monthly Team Call","https://www.mobilize.us/sisterdistrictportland/event/375028/","ICE virtual events"
"Fri, Mar 6, 2026 12:00 AM","","Virtual Phonebank Training On Demand","https://www.mobilize.us/pbcdemocraticparty/event/390052/","virtual election events"
"Fri, Mar 6, 2026 12:00 AM","","Canvass (Door Knocking) Training On Demand","https://www.mobilize.us/pbcdemocraticparty/event/463816/","virtual election events"
"Fri, Mar 6, 2026 12:00 AM","","Virtual Phonebank Training On Demand","https://www.mobilize.us/pbcdemocraticparty/event/390052/","ICE virtual events"
"Fri, Mar 6, 2026 12:00 AM","","Canvass (Door Knocking) Training On Demand","https://www.mobilize.us/pbcdemocraticparty/event/463816/","ICE virtual events"
"Sat, Mar 7, 2026 12:00 AM","","Citizens Bank Protests","","Indivisible Lab"
"Sat, Mar 7, 2026 12:00 AM","","Virtual Phonebank Training On Demand","https://www.mobilize.us/pbcdemocraticparty/event/390052/","virtual election events"
"Sat, Mar 7, 2026 12:00 AM","","Canvass (Door Knocking) Training On Demand","https://www.mobilize.us/pbcdemocraticparty/event/463816/","virtual election events"
"Sat, Mar 7, 2026 12:00 AM","","Virtual Phonebank Training On Demand","https://www.mobilize.us/pbcdemocraticparty/event/390052/","ICE virtual events"
"Sat, Mar 7, 2026 12:00 AM","","Canvass (Door Knocking) Training On Demand","https://www.mobilize.us/pbcdemocraticparty/event/463816/","ICE virtual events"
"Sat, Mar 7, 2026 10:00 AM","","Voter Registration and Deep Canvassing Training","https://www.mobilize.us/leecountydec/event/393394/","virtual election events"
"Sat, Mar 7, 2026 10:00 AM","","Voter Registration and Deep Canvassing Training","https://www.mobilize.us/leecountydec/event/393394/","ICE virtual events"
"Sat, Mar 7, 2026 10:00 AM","Bedford MA","Choose Democracy Action on the Common","https://www.mobilize.us/choosedemocracybedford/event/792716/","ICE near Burlington"
"Sat, Mar 7, 2026 10:00 AM","This event’s address is private. Sign up for more details, Arlington MA","Citizens Bank: Stop Financing ICE Prisons (Arlington Heights)","https://www.mobilize.us/indivisiblelab/event/908389/","ICE near Burlington"
"Sat, Mar 7, 2026 10:00 AM","Bedford MA","Choose Democracy Action on the Common","https://www.mobilize.us/choosedemocracybedford/event/792716/","election near Burlington"
"Sat, Mar 7, 2026 10:00 AM","This event’s address is private. Sign up for more details, Arlington MA","Citizens Bank: Stop Financing ICE Prisons (Arlington Heights)","https://www.mobilize.us/indivisiblelab/event/908389/","election near Burlington"
"Sat, Mar 7, 2026 11:00 AM","CITIZENS BANK - Center Branch, 699 Massachusetts Avenue, Arlington MA 02476","DE-ICE CITIZENS BANK - ARLINGTON CENTER","https://tockify.com/lexingtonalarm/detail/92/1772899200000","Lexington Alarm"
"Sat, Mar 7, 2026 11:00 AM","Citizens Bank - Arlington Heights Branch, 1420 Massachusetts Avenue, Arlington MA 02476","DE-ICE CITIZENS BANK - ARLINGTON HEIGHTS","https://tockify.com/lexingtonalarm/detail/91/1772899200000","Lexington Alarm"
"Sat, Mar 7, 2026 11:00 AM","Lexington Citizens Bank Branch, 1776 Massachusetts Ave, Lexington, MA 02420, USA","DE-ICE CITIZENS BANK - LEXINGTON","https://tockify.com/lexingtonalarm/detail/88/1772899200000","Lexington Alarm"
"Sat, Mar 7, 2026 11:00 AM","Arlington MA","Citizens Bank: Stop Financing ICE Prisons (Arlington Center)","https://www.mobilize.us/indivisiblelab/event/899183/","ICE near Burlington"
"Sat, Mar 7, 2026 11:00 AM","Lexington MA","Citizens Bank: Stop Financing ICE Prisons (Lexington)","https://www.mobilize.us/indivisiblelab/event/899182/","ICE near Burlington"
"Sat, Mar 7, 2026 11:00 AM","Arlington MA","Citizens Bank: Stop Financing ICE Prisons (Arlington Center)","https://www.mobilize.us/indivisiblelab/event/899183/","election near Burlington"
"Sat, Mar 7, 2026 11:00 AM","Lexington MA","Citizens Bank: Stop Financing ICE Prisons (Lexington)","https://www.mobilize.us/indivisiblelab/event/899182/","election near Burlington"
"Sat, Mar 7, 2026 12:00 PM","Burlington Citizens Bank Branch, 140 Lexington Street, Burlington, MA 01803","DE-ICE CITIZENS BANK - BURLINGTON","https://tockify.com/lexingtonalarm/detail/89/1772902800000","Lexington Alarm"
"Sat, Mar 7, 2026 12:00 PM","Citizens Bank, Burlington MA","Citizens Bank: Stop Financing ICE Prisons","https://www.mobilize.us/deicecitizensbankcoordinatingcommittee/event/900083/","ICE near Burlington"
"Sat, Mar 7, 2026 12:00 PM","Citizens Bank, Burlington MA","Citizens Bank: Stop Financing ICE Prisons","https://www.mobilize.us/deicecitizensbankcoordinatingcommittee/event/900083/","election near Burlington"
"Sat, Mar 7, 2026 12:30 PM","This event’s address is private. Sign up for more details, Billerica MA","Billerica Common Coalition","https://www.mobilize.us/BillericaUnitedALocalIndivisibleChapter/event/898506/","ICE near Burlington"
"Sat, Mar 7, 2026 12:30 PM","This event’s address is private. Sign up for more details, Billerica MA","Billerica Common Coalition","https://www.mobilize.us/BillericaUnitedALocalIndivisibleChapter/event/898506/","election near Burlington"
"Sun, Mar 8, 2026 12:00 AM","","Virtual Phonebank Training On Demand","https://www.mobilize.us/pbcdemocraticparty/event/390052/","virtual election events"
"Sun, Mar 8, 2026 12:00 AM","","Canvass (Door Knocking) Training On Demand","https://www.mobilize.us/pbcdemocraticparty/event/463816/","virtual election events"
"Sun, Mar 8, 2026 12:00 AM","","Virtual Phonebank Training On Demand","https://www.mobilize.us/pbcdemocraticparty/event/390052/","ICE virtual events"
"Sun, Mar 8, 2026 12:00 AM","","Canvass (Door Knocking) Training On Demand","https://www.mobilize.us/pbcdemocraticparty/event/463816/","ICE virtual events"
"Sun, Mar 8, 2026 3:30 PM","","Progressive Mass Activist Afternoon Phone Bank","","Indivisible Lab"
"Mon, Mar 9, 2026 12:00 AM","","Virtual Phonebank Training On Demand","https://www.mobilize.us/pbcdemocraticparty/event/390052/","virtual election events"
"Mon, Mar 9, 2026 12:00 AM","","Canvass (Door Knocking) Training On Demand","https://www.mobilize.us/pbcdemocraticparty/event/463816/","virtual election events"
"Mon, Mar 9, 2026 12:00 AM","","Virtual Phonebank Training On Demand","https://www.mobilize.us/pbcdemocraticparty/event/390052/","ICE virtual events"
"Mon, Mar 9, 2026 12:00 AM","","Canvass (Door Knocking) Training On Demand","https://www.mobilize.us/pbcdemocraticparty/event/463816/","ICE virtual events"
"Tue, Mar 10, 2026 12:00 AM","","Virtual Phonebank Training On Demand","https://www.mobilize.us/pbcdemocraticparty/event/390052/","virtual election events"
"Tue, Mar 10, 2026 12:00 AM","","Canvass (Door Knocking) Training On Demand","https://www.mobilize.us/pbcdemocraticparty/event/463816/","virtual election events"
"Tue, Mar 10, 2026 12:00 AM","","Virtual Phonebank Training On Demand","https://www.mobilize.us/pbcdemocraticparty/event/390052/","ICE virtual events"
"Tue, Mar 10, 2026 12:00 AM","","Canvass (Door Knocking) Training On Demand","https://www.mobilize.us/pbcdemocraticparty/event/463816/","ICE virtual events"
"Tue, Mar 10, 2026 10:30 AM","Lexington, RSVP for details","Indivisible LAB Daytime Action Hour","","Indivisible Lab"
"Tue, Mar 10, 2026 10:30 AM","Lexington Center (RSVP for details), Lexington MA","Indivisible LAB Daytime Action Hours","https://www.mobilize.us/indivisiblelab/event/702649/","ICE near Burlington"
"Tue, Mar 10, 2026 10:30 AM","Lexington Center (RSVP for details), Lexington MA","Indivisible LAB Daytime Action Hours","https://www.mobilize.us/indivisiblelab/event/702649/","election near Burlington"
"Wed, Mar 11, 2026 12:00 AM","","Virtual Phonebank Training On Demand","https://www.mobilize.us/pbcdemocraticparty/event/390052/","virtual election events"
"Wed, Mar 11, 2026 12:00 AM","","Canvass (Door Knocking) Training On Demand","https://www.mobilize.us/pbcdemocraticparty/event/463816/","virtual election events"
"Wed, Mar 11, 2026 12:00 AM","","Virtual Phonebank Training On Demand","https://www.mobilize.us/pbcdemocraticparty/event/390052/","ICE virtual events"
"Wed, Mar 11, 2026 12:00 AM","","Canvass (Door Knocking) Training On Demand","https://www.mobilize.us/pbcdemocraticparty/event/463816/","ICE virtual events"
"Wed, Mar 11, 2026 11:00 AM","Burlington ICE Detention Center, 1000 District Ave, Burlington, MA 01803, USA","Bearing Witness at ICE Every Wednesday 11:00-1:00 PM","https://tockify.com/lexingtonalarm/detail/64/1773241200000","Lexington Alarm"
"Wed, Mar 11, 2026 4:00 PM","This event’s address is private. Sign up for more details, Arlington MA","Arlington MA Visibility Brigade","https://www.mobilize.us/arlingtonmavisibilitybrigade/event/860547/","ICE near Burlington"
"Wed, Mar 11, 2026 4:00 PM","This event’s address is private. Sign up for more details, Arlington MA","Arlington MA Visibility Brigade","https://www.mobilize.us/arlingtonmavisibilitybrigade/event/860547/","election near Burlington"
"Wed, Mar 11, 2026 5:00 PM","","POSTCARDING w/DOLLY and SUE into all swing states - w/Field Team 6 & The Union","https://www.mobilize.us/ft6/event/375701/","virtual election events"
"Wed, Mar 11, 2026 5:00 PM","","POSTCARDING w/DOLLY and SUE into all swing states - w/Field Team 6 & The Union","https://www.mobilize.us/ft6/event/375701/","ICE virtual events"
"Wed, Mar 11, 2026 6:00 PM","Arlington MA","Help Virginia Level the Congressional Playing Field!","https://www.mobilize.us/swingbluealliance/event/909249/","ICE near Burlington"
"Wed, Mar 11, 2026 6:00 PM","Arlington MA","Help Virginia Level the Congressional Playing Field!","https://www.mobilize.us/swingbluealliance/event/909249/","election near Burlington"
"Wed, Mar 11, 2026 7:00 PM","Lexington Community Center Room 242, 39 Marrett Rd, Lexington, MA 02421, USA","Lexington Alarm Monthly Meeting","https://tockify.com/lexingtonalarm/detail/85/1773270000000","Lexington Alarm"
"Thu, Mar 12, 2026 12:00 AM","","Virtual Phonebank Training On Demand","https://www.mobilize.us/pbcdemocraticparty/event/390052/","virtual election events"
"Thu, Mar 12, 2026 12:00 AM","","Canvass (Door Knocking) Training On Demand","https://www.mobilize.us/pbcdemocraticparty/event/463816/","virtual election events"
"Thu, Mar 12, 2026 12:00 AM","","Virtual Phonebank Training On Demand","https://www.mobilize.us/pbcdemocraticparty/event/390052/","ICE virtual events"
"Thu, Mar 12, 2026 12:00 AM","","Canvass (Door Knocking) Training On Demand","https://www.mobilize.us/pbcdemocraticparty/event/463816/","ICE virtual events"
"Thu, Mar 12, 2026 11:00 AM","ICE Regional headquarters, 1000 District Ave, Burlington, MA 01803, USA","Thursday Justice for All at ICE","https://tockify.com/lexingtonalarm/detail/39/1773327600000","Lexington Alarm"
"Thu, Mar 12, 2026 12:00 PM","","Progressive Mass Power Lunch Phone Bank","","Indivisible Lab"
"Thu, Mar 12, 2026 3:00 PM","Massachusetts Ave, Lexington, MA, on overpass over Rt 95/128, Lexington MA","Fiske Hill Visibility Brigade in Lexington","https://www.mobilize.us/indivisibleprogressivemasscambridge/event/892643/","ICE near Burlington"
"Thu, Mar 12, 2026 3:00 PM","Massachusetts Ave, Lexington, MA, on overpass over Rt 95/128, Lexington MA","Fiske Hill Visibility Brigade in Lexington","https://www.mobilize.us/indivisibleprogressivemasscambridge/event/892643/","election near Burlington"
"Thu, Mar 12, 2026 3:30 PM","Monument Square, Concord MA","Weekly Stand-out in Monument Square","https://www.mobilize.us/concordindivisible/event/834959/","ICE near Burlington"
"Thu, Mar 12, 2026 3:30 PM","Monument Square, Concord MA","Weekly Stand-out in Monument Square","https://www.mobilize.us/concordindivisible/event/834959/","election near Burlington"
"Thu, Mar 12, 2026 7:00 PM","Arlington MA","Indivisible LAB Evening Action Hours","https://www.mobilize.us/indivisiblelab/event/865658/","ICE near Burlington"
"Thu, Mar 12, 2026 7:00 PM","Arlington MA","Indivisible LAB Evening Action Hours","https://www.mobilize.us/indivisiblelab/event/865658/","election near Burlington"
"Thu, Mar 12, 2026 8:00 PM","","Working Families Party Mass Call: What's Next","https://www.mobilize.us/workingfamilies/event/342586/","virtual election events"
"Thu, Mar 12, 2026 8:00 PM","","Working Families Party Mass Call: What's Next","https://www.mobilize.us/workingfamilies/event/342586/","ICE virtual events"
